,description,publishedAt,source,title,url,company
0,"""Orange Is The New Black"" star Samira Wiley says she was in tears after being outed as gay by a co-star. Actress Samira Wiley revealed she was outed as gay by one of her ""Orange Is The New Black"" co-stars on WYNC’s Nancy podcast. October 11 is National Coming…",2018-10-11T16:55:07Z,"{'id': None, 'name': 'Thisisinsider.com'}","""Orange Is The New Black"" star Samira Wiley says she was in tears after being accidentally outed as gay by a co-star",https://www.thisisinsider.com/samira-wiley-accidentally-outed-by-a-co-star-2018-10,Gay Lea
1,Lady Gaga looked absolutely aahhhhhhhhAHHHHHahhhhaaaaaaaa ahhhhhhAHahhhaAHHHHHHHHHHHHHHHHHHHHHHHHHHHHHHHHHgreatat the Los Angeles premiere of A Star is Born Monday night. Read more...,2018-09-25T16:50:00Z,"{'id': None, 'name': 'Jezebel.com'}",A Star Is Worn,https://jezebel.com/a-star-is-worn-1829302139,Gay Lea
2,It was a hot ticket.,2018-09-25T20:00:41Z,"{'id': None, 'name': 'Gofugyourself.com'}",Let’s See the Rest of the Premiere of A Star Is Born!,https://www.gofugyourself.com/lets-see-the-rest-of-the-premiere-of-a-star-is-born-09-2018,Gay Lea
3,"In honor of all the Canadians who will come dangerously close to crashing their pancreas and liver function during Thanksgiving Dinner, Michael has graciously let me take over Hot Slut today. And of course I chose Canadian Thanksgiving dinner’s unsung hero, G…",2018-10-08T14:45:43Z,"{'id': None, 'name': 'Dlisted.com'}",Hot Slut Of The Day!,http://dlisted.com/2018/10/08/hot-slut-of-the-day-1745/,Gay Lea
4,"Turns out people don't find gay jokes as funny as they did back in 2007 when Handler was, ya know, relevant.",2018-10-12T17:54:08Z,"{'id': None, 'name': 'Queerty.com'}",People are so over Chelsea Handler’s gay jokes about Lindsey Graham,https://www.queerty.com/people-chelsea-handlers-gay-jokes-lindsey-graham-20181012,Gay Lea
5,They're brewing up a new version of the Broadway hit for a Halloween special.,2018-09-28T18:48:19Z,"{'id': None, 'name': 'Advocate.com'}","Idina Menzel, Kristin Chenoweth, Ariana Grande Star in 'Wicked' Reboot",https://www.advocate.com/arts-entertainment/2018/9/28/idina-menzel-kristin-chenoweth-ariana-grande-star-wicked-reboot,Gay Lea
6,"The latest edition of the Gay Lea Plated email newsletter is making the rounds, and if you are signed up, you will find that the email contains a coupon valid on a variety of cheese brands from Gay Lea. Save $1 on the purchase of any Black River Cheese, Ivanh…",2018-10-03T11:13:08Z,"{'id': None, 'name': 'Smartcanucks.ca'}","Gay Lea Canada Coupons: Save $1 On Black River, Ivanhoe, or Salerno Cheeses",https://smartcanucks.ca/gay-lea-canada-coupons-save-1-on-black-river-ivanhoe-or-salerno-cheeses/,Gay Lea
7,"US presidents traditionally see their party lose seats in Congress in the first election after they take office, and for Donald Trump this year is likely to be no exception.  The question is, can Republicans maintain their majorities in the Senate and House o…",2018-10-05T02:04:38Z,"{'id': None, 'name': 'Yahoo.com'}",Six showdowns to watch in November...,https://www.yahoo.com/news/six-showdowns-watch-us-midterms-014348687.html,Gay Lea
8,"Welcome to our Election Update for Wednesday, Oct. 10! As of 9:20 a.m. Eastern time, Republicans have a 4 in 5 chance (80 percent) of holding the Senate, according to our Classic forecast. The situation is much more dire for the GOP in the House, where Democr…",2018-10-10T13:54:30Z,"{'id': None, 'name': 'Fivethirtyeight.com'}",Six Districts The GOP Appears To Have Abandoned — And Maybe Two More It Should,https://fivethirtyeight.com/features/six-districts-the-gop-appears-to-have-abandoned-and-maybe-two-more-it-should/,Gay Lea
9,"Here is your sneak peek of the Real Canadian Superstore Ontario flyer, valid from the 27th of September to the 3rd of October. This week, get a free PC Spiral Sliced Bone-In Half Ham, Applewood or Hickory Smoked, when you spend $225 or more on anything in the…",2018-09-25T17:12:51Z,"{'id': None, 'name': 'Smartcanucks.ca'}",Real Canadian Superstore Ontario Flyer Sneak Peek September 27th – October 3rd,https://smartcanucks.ca/real-canadian-superstore-ontario-flyer-sneak-peek-september-27th-october-3rd/,Gay Lea
10,Our flyer sneak peeks for the week of September the 27th to October the 3rd are now available! Click the links below to view the full Food Basics and No Frills Ontario flyers for the upcoming week. With Thanksgiving around the corner you can expect to see ple…,2018-09-25T16:56:11Z,"{'id': None, 'name': 'Smartcanucks.ca'}",Ontario Flyer Sneak Peeks September 27th – October 3rd: Food Basics & No Frills,https://smartcanucks.ca/ontario-flyer-sneak-peeks-september-27th-october-3rd-food-basics-no-frills/,Gay Lea
11,"From pop hits and alternative covers to contemporary show tunes, Glee hit the spot for music lovers of all ages. For years, everyone was talking about Glee. The show was an obvious winner for lighthearted lovers of musicals, but it also took on the challenge …",2018-09-28T15:12:45Z,"{'id': None, 'name': 'Radaronline.com'}",Totally In Tune! Catching Up With The Cast Of ‘Glee’,https://radaronline.com/photos/totally-in-tune-catching-up-with-the-cast-of-glee/,Gay Lea
12,"Romantic comedies were once the realm of homogenous blockbusters: You’d have a stacked deck of Sandra Bullocks, Reese Witherspoons, Julia Robertses, and Jennifer Garners on one side, and some Hugh Grants, Mark Ruffalos, Matthew McConaugheys, and Vince Vaughns…",2018-10-18T16:50:00Z,"{'id': None, 'name': 'Avclub.com'}",Why did millions of Netflix subscribers watch rom-coms this summer?,https://www.avclub.com/why-did-millions-of-netflix-subscribers-watch-rom-coms-1829325035,Gay Lea
13,"Just some gal pals who righteously and gleefully killed their predators, who ruined powerful men’s lives and careers.",2018-10-08T15:10:55Z,"{'id': None, 'name': 'Autostraddle.com'}",20 Movies about Friendship and Misandry for When You Want to Burn it All Down,https://www.autostraddle.com/20-movies-about-friendship-and-misandry-for-when-you-want-to-burn-it-all-down-434628/,Gay Lea
14,"The Kenyan High Court on Friday temporarily lifted a ban on “Rafiki,” director Wanuri Kahiu’s lesbian coming of age romance, making the film eligible for the 2019 Academy Awards. “I am not convinced that Kenya is such a weak society that it cannot handle a ga…",2018-09-22T00:05:27Z,"{'id': None, 'name': 'Thewrap.com'}","Kenyan High Court Lifts Ban on Lesbian Love Story ‘Rafiki,’ Making Film Eligible for Oscars",http://www.thewrap.com/kenyan-court-lifts-ban-on-lesbian-love-story-rafiki-making-film-eligible-for-oscars/,Gay Lea
15,"J’écris sur la comédie romantique sur Slate depuis plusieurs années. J’y ai parlé de son emprise sur nos vies amoureuses, de ses happy-ends, de ses «gentils garçons», de sa vision des relations hommes-femmes et même de sa possible révolution. Mais, après ces …",2018-09-24T17:18:22Z,"{'id': None, 'name': 'Slate.fr'}",La comédie romantique selon Netflix: feu de paille ou vraie révolution?,http://www.slate.fr/story/167639/comedie-romantique-rom-com-netflix,Gay Lea
16,"Giant Tiger Canada has a great price on Heinz ketchup until October the 2nd, and even better if you have a tear pad coupon that was put out a few months ago. Until tomorrow, Giant Tiger has Heinz ketchup 1L on sale for $2.97. Use the coupon for $1 off the pur…",2018-10-01T16:10:47Z,"{'id': None, 'name': 'Smartcanucks.ca'}",Giant Tiger Canada: Heinz Ketchup $1.97 After Coupon Until October 2nd,https://smartcanucks.ca/giant-tiger-canada-heinz-ketchup-1-97-after-coupon-until-october-2nd/,Gay Lea
17,"Here are your sneak peeks of the No Frills, Food Basics, and Freshco Ontario flyers for the week of October the 4th to the 10th. You can view each of these flyers in their entirety by clicking the links below. Here are some of the highlights of the deals in e…",2018-10-02T23:14:43Z,"{'id': None, 'name': 'Smartcanucks.ca'}","Ontario Flyer Sneak Peeks: Food Basics, Freshco, and No Frills October 4th – 10th",https://smartcanucks.ca/ontario-flyer-sneak-peeks-food-basics-freshco-and-no-frills-october-4th-10th/,Gay Lea
18,"Stories include The Bi Life reality dating show, new lesbians on God Friended Me, Practical Magic, Lena Waithe's new show about sneaker culture, Kristen Stewart in an outfit, Riverdale's flashback episode, Jen Richards in Tales of the City, ""Her Body and Othe…",2018-10-17T21:17:25Z,"{'id': None, 'name': 'Autostraddle.com'}",Pop Culture Fix: Melissa McCarthy Is Your Fave Cranky Lesbian Con Artist in “Will You Ever Forgive Me?” and Other Stories,https://www.autostraddle.com/pop-culture-fix-melissa-mccarthy-is-your-fave-cranky-lesbian-con-artist-in-will-you-ever-forgive-me-and-other-stories-436150/,Gay Lea
19,"It's almost October! The leaves are starting to turn, a chill is in the air, and Oscar bait is on the way. This week in wide release, we've got a decidely non-Oscar baity release in Night School, and a kids flick called Smallfoot. But in indie films, there ar…",2018-09-26T21:57:07Z,"{'id': None, 'name': 'Livejournal.com'}",Indie Film Release Guide: September 28th [An ONTD Original],https://ohnotheydidnt.livejournal.com/112465514.html,Gay Lea
0,"Like many towns in Colorado, the box canyon village of Telluride has its late 19th-century roots in mining. There was indeed “gold in them hills,” though interestingly enough, never actually the mineral for which the town was named. These days, however, Tellu…",2018-10-07T12:00:06Z,"{'id': None, 'name': 'Thepointsguy.com'}",Top 10 Things to Do in Telluride,http://thepointsguy.com/guide/top-things-to-do-in-telluride/,Canyon Creek Food Company
1,"Their improbably great restaurant is at the gate of a vast wilderness and they’re battling to keep it unspoiled, Kathryn Schulz writes.",2018-09-24T09:00:00Z,"{'id': None, 'name': 'Newyorker.com'}",Why Two Chefs in Small-Town Utah Decided to Sue President Trump,https://www.newyorker.com/magazine/2018/10/01/why-two-chefs-in-small-town-utah-decided-to-sue-president-trump,Canyon Creek Food Company
2,"Chinook Wawa was once spoken by more than 100,000 people, from Alaska to the California border, for more than 100 years.",2018-10-03T11:08:57Z,"{'id': None, 'name': 'Bbc.com'}","Chinook Wawa, a pidgin language that combined Nootka, Chinook, French, English",http://www.bbc.com/travel/story/20181002-north-americas-nearly-forgotten-language,Canyon Creek Food Company
3,"Chinook Wawa was once spoken by more than 100,000 people, from Alaska to the California border, for more than 100 years.",2018-10-03T15:15:49Z,"{'id': None, 'name': 'Bbc.com'}",North America's Nearly Forgotten Language,http://www.bbc.com/travel/story/20181002-north-americas-nearly-forgotten-language?ocid=global_travel_rss,Canyon Creek Food Company
4,"As mega-passes continue to add resorts, now is the time to ditch single-day lift tickets for good",2018-10-10T17:54:25Z,"{'id': None, 'name': 'Outsideonline.com'}",How to Have Your Best Winter Yet,https://www.outsideonline.com/2352906/your-best-winter-yet,Canyon Creek Food Company
5,"Science A state-by-state breakdown of policies that could change your community. These are the top science, technology, or environment issues facing each state—plus Puerto Rico and Washington, D.C. Even if it never surfaces on the campaign trail,…",2018-10-17T11:00:00Z,"{'id': None, 'name': 'Popsci.com'}",The most important science policy issue in every state,https://www.popsci.com/important-science-issues-every-state,Canyon Creek Food Company
6,"Marin County may not be The City, and it isn't exactly huge, but the wooded, hilly region north of the Golden Gate has way more to offer than just excellent schools for fleeing urbanites with kids. There are, of course, the hike and bike trails that San Franc…",2018-10-11T21:40:20Z,"{'id': None, 'name': '7x7.com'}","The Ultimate Guide to Marin: Where to eat, drink, play + stay across the county",http://www.7x7.com/the-ultimate-guide-to-marin-county-2609795173.html,Canyon Creek Food Company
7,"Abandoned places have a way of sending chills up your spine. From empty prison cells to mysterious nuclear laboratories, the US is full of fascinating, slightly unnerving places whose empty halls echo with the stories of past occupants. More »",2018-10-17T06:27:00Z,"{'id': None, 'name': 'Businessinsider.com.au'}",The eeriest abandoned place in every state,https://www.businessinsider.com.au/abandoned-places-us-states-2018-4,Canyon Creek Food Company
8,"There are plenty of reasons why we should be celebrating the arrival of fall - sweater weather and pumpkin spice lattes come to mind - but most importantly, it means Halloween season is upon us. More »",2018-09-26T09:46:15Z,"{'id': None, 'name': 'Businessinsider.com.au'}",The best way to celebrate Halloween in every state,https://www.businessinsider.com.au/httpswwwthisisinsidercombest-things-to-do-halloween-2018-9,Canyon Creek Food Company
9,"Operation Kindness' 25th annual Dog Day Afternoon, rescheduled after being rained out last month, is from 10 a.m. to 1 p.m. Saturday at their...",2018-10-12T11:51:13Z,"{'id': None, 'name': 'Dallasnews.com'}",Dog About Town: Try out those costumes this weekend,https://www.dallasnews.com/life/pets/2018/10/12/dog-town-try-costumes-weekend,Canyon Creek Food Company
0,"Agropur coopérative a annoncé la fermeture de son usine de Saint-Damase, en Montérégie. Quelque 110...",2018-09-22T00:48:15Z,"{'id': None, 'name': 'Ledevoir.com'}",Agropur ferme à Saint-Damase,https://www.ledevoir.com/economie/537414/agropur-ferme-a-saint-damase,Agropur
1,"APPLETON, Wis., Sept. 24, 2018 /PRNewswire/ -- BiPro protein and MMA fighter Rory MacDonald announce today the new partnership between the lean, clean protein line and the widely celebrated mixed martial artist. Of the partnership, MacDonald says, ""Fighting r…",2018-09-24T19:21:00Z,"{'id': None, 'name': 'Prnewswire.com'}","Rory MacDonald, aka ""The Red King"", enters the Bellator cage with BiPro® partnership",https://www.prnewswire.com/news-releases/rory-macdonald-aka-the-red-king-enters-the-bellator-cage-with-bipro-partnership-300717759.html,Agropur
2,"-Cinco clientes de Planview son reconocidos por su trabajo transformador y sus logros en gestión de recursos durante la conferencia Planview Horizons 2018 Agropur Dairy Cooperative, CNO Financial Group, Silicon Labs, SONIC y la Universidad de Notre Dame recib…",2018-10-19T06:54:00Z,"{'id': None, 'name': 'Prnewswire.com'}",Cinco clientes de Planview reconocidos durante la conferencia Planview Horizons 2018,https://www.prnewswire.com/news-releases/cinco-clientes-de-planview-reconocidos-durante-la-conferencia-planview-horizons-2018-892644352.html,Agropur
3,"Agropur Dairy Cooperative, CNO Financial Group, Silicon Labs, SONIC und University of Notre Dame erhalten Planview Vision Awards AUSTIN, Texas, 19. Oktober 2018 /PRNewswire/ -- Letzte Woche wurden auf der 21. jährlichen Planview Horizons® Kundenkonferenz fünf…",2018-10-19T01:46:00Z,"{'id': None, 'name': 'Prnewswire.com'}",Fünf Planview-Kunden bei Planview Horizons 2018 für transformative Arbeit und Ressourcenmanagement ausgezeichnet,https://www.prnewswire.com/news-releases/fünf-planview-kunden-bei-planview-horizons-2018-für-transformative-arbeit-und-ressourcenmanagement-ausgezeichnet-891314564.html,Agropur
4,"Agropur Dairy Cooperative, CNO Financial Group, Silicon Labs, SONIC et l'université de Notre Dame reçoivent les prix Planview Vision Awards AUSTIN, Texas, 19 octobre 2018 /PRNewswire/ -- La semaine dernière, lors de la 21e conférence annuelle des clients Plan…",2018-10-19T06:40:00Z,"{'id': None, 'name': 'Prnewswire.com'}",Cinq clients Planview sont à l'honneur de la conférence Planview Horizons 2018 pour leur travail transformateur et leurs accomplissements en matière de gestion des ressources,https://www.prnewswire.com/news-releases/cinq-clients-planview-sont-à-l-honneur-de-la-conférence-planview-horizons-2018-pour-leur-travail-transformateur-et-leurs-accomplissements-en-matière-de-gestion-des-ressources-853701769.html,Agropur
5,"AUSTIN, Texas, Oct. 18, 2018 /PRNewswire/ -- Last week at the 21st annual Planview Horizons® customer conference, five organizations were recognized for leveraging Planview® work and resource management solutions to drive growth, innovation, and transformatio…",2018-10-18T19:16:00Z,"{'id': None, 'name': 'Prnewswire.com'}",Five Planview customers honored at Planview Horizons 2018 for transformative work and resource management achievements,https://www.prnewswire.com/news-releases/five-planview-customers-honored-at-planview-horizons-2018-for-transformative-work-and-resource-management-achievements-300733924.html,Agropur
6,"Agropur Dairy Cooperative, CNO Financial Group, Silicon Labs, SONIC, and University of Notre Dame receive Planview Vision Awards read more",2018-10-18T19:43:14Z,"{'id': None, 'name': 'Sys-con.com'}",Five Planview customers honored at Planview Horizons 2018 for transformative work and resource management achievements,http://news.sys-con.com/node/4333937,Agropur
7,"AUSTIN, Texas, Oct. 18, 2018 /PRNewswire/ -- Last week at the 21 st annual Planview Horizons ® customer conference, five organizations were recognized for leveraging Planview ® work and resource management solutions to drive growth, innovation, and transforma…",2018-10-18T19:17:26Z,"{'id': None, 'name': 'Sys-con.com'}",Five Planview customers honored at Planview Horizons 2018 for transformative work and resource management achievements,http://news.sys-con.com/node/4333928,Agropur
0,"Who among The Mandalorian’s list of directors could direct which episodes? Vincent D’Onofrio once again stokes the flames of his desire to bring Wilson Fisk to the Marvel movies. Get your first look at the Pet Sematary remake. Plus, what’s to come on the CW’s…",2018-10-05T13:10:00Z,"{'id': None, 'name': 'Gizmodo.com'}",The Speculation About Avengers 4's Real Title Rages On,https://io9.gizmodo.com/the-speculation-about-avengers-4s-real-title-rages-on-1829424654,Cott
1,"Kamaiyah was originally supposed to release her major-label debut Don't Ever Get It Twisted in April 2017. That didn't happen. Sample clearance issues apparently held the album up, and the Oakland rapper ended up releasing the very good Before I Wake mixtape …",2018-10-12T17:39:07Z,"{'id': None, 'name': 'Stereogum.com'}",Kamaiyah – “All I Know” (Feat. Travis Scott),https://www.stereogum.com/2018578/kamaiyah-all-i-know-feat-travis-scott/music/,Cott
2,"Almost a year after dropping her Before I Wake mixtape, Kamaiyah is back with her newest single, “All I Know” featuring Travis Scott. The Oakland rapper took to social media to announce the track, and informed fans that the song was actually leaked. “Someone …",2018-10-12T20:07:45Z,"{'id': None, 'name': 'Highsnobiety.com'}",Kamaiyah & Travis Scott Team up on New Single “All I Know”,https://www.highsnobiety.com/p/kamaiyah-travis-scott-all-i-know/,Cott
3,"As the weather cools and leaves begin to turn, visitors flock to New England to witness the seasonal spectacle. We've rounded up some architecturally significant sites across the region to check out while appreciating the autumn colours. Read more",2018-10-04T14:00:38Z,"{'id': None, 'name': 'Dezeen.com'}",Seven spots in New England for fans of both architecture and fall foliage,http://www.dezeen.com/2018/10/04/new-england-autumn-architecture-attractions-fall-foliage/,Cott
4,"When invasive species enter the picture, things are rarely black and white. A new article has revealed that some plant invaders could help fight climate change by making it easier for ecosystems to store 'blue carbon' -- the carbon stored in coastal environme…",2018-10-01T12:21:56Z,"{'id': None, 'name': 'Sciencedaily.com'}",Invasive plants can boost blue carbon storage,https://www.sciencedaily.com/releases/2018/10/181001082156.htm,Cott
5,"Collaboration from two years ago was recently leaked, according to Kamaiyah",2018-10-13T01:50:25Z,"{'id': None, 'name': 'Rollingstone.com'}","Kamaiyah, Travis Scott’s ‘All I Know’ Sounds Like the Song of the Summer in October",https://www.rollingstone.com/music/music-news/kamaiyah-travis-scotts-all-i-know-new-song-737337/,Cott
6,"Tim Allen teases an emotional Toy Story 4. There’s a few tiny rumors about the progress of The Batman. Joaquin Phoenix takes a miserable-sounding call in new Joker set footage. Plus, what’s to come on The Flash and Black Lightning, two new clips from Venom, a…",2018-09-28T13:25:00Z,"{'id': None, 'name': 'Gizmodo.com'}",Simon Kinberg Hints at an Intriguing Tone for the Gambit Movie,https://io9.gizmodo.com/simon-kinberg-hints-at-an-intriguing-tone-for-the-gambi-1829257664,Cott
7,"When invasive species enter the picture, things are rarely black and white. A new paper has revealed that some plant invaders could help fight climate change by making it easier for ecosystems to store ""blue carbon""—the carbon stored in coastal environments l…",2018-10-01T06:24:09Z,"{'id': None, 'name': 'Phys.org'}",Invasive plants can boost blue carbon storage,https://phys.org/news/2018-10-invasive-boost-blue-carbon-storage.html,Cott
8,"When “Riverdale” returns for its third season this fall, the Jones family will be getting a little bigger. Gina Gershon has been cast as Gladys Jones, Jughead’s (Cole Sprouse) mother, while Trinity Likins will play Jellybean “JB” Jones, Jughead’s sister. Glad…",2018-10-07T14:45:11Z,"{'id': None, 'name': 'Variety.com'}",‘Riverdale’ Season 3 Casts Gina Gershon and Trinity Likins,https://variety.com/2018/tv/news/riverdale-season-3-gina-gershon-trinity-likins-gladys-jellybean-jones-1202971426/,Cott
9,"Scott Kelly, a retired American astronaut with multiple space flights under his belt, apologized Sunday after quoting Winston Churchill and calling the 20th century British prime minister ""one of the greatest leaders of modern times.""",2018-10-08T02:34:38Z,"{'id': None, 'name': 'Washingtonexaminer.com'}",Astronaut sorry for 'offending' by praising Winston Churchill...,https://www.washingtonexaminer.com/news/astronaut-scott-kelly-apologizes-after-quoting-praising-winston-churchill,Cott
10,"The CW is launching #CWOpenToAll, a new on-air, digital, social and print campaign designed to reinforce the network’s commitment to inclusion and representation. “We think this campaign really captures the spirit and mission of the CW and why our fans come t…",2018-10-14T23:00:01Z,"{'id': None, 'name': 'Variety.com'}",The CW Launches #CWOpenToAll Campaign to Promote Inclusion (Watch),https://variety.com/2018/tv/news/cw-open-to-all-campaign-launch-video-1202979608/,Cott
11,"Last week, our Best New Tracks series spotlighted high-profile new releases from LoutGotCash, Blake, AlunaGeorge, Leven Kali, Dave East and Styles P. We continue to shine a light on all sides of the genre spectrum for the latest entry in our weekly roundup se…",2018-10-12T23:27:15Z,"{'id': None, 'name': 'Hypebeast.com'}","Best New Tracks: Tom Misch, Sampha, Mick Jenkins, Kamaiyah and Maggie Rogers",https://hypebeast.com/2018/10/best-new-tracks-sampha-mick-jenkins-kamaiyah-maggie-rogers-tom-misch,Cott
12,"Zendaya talks about those Little Mermaid rumors. The third Kingsman movie could be dropping next year. Matt and Foggy host an uneasy reunion in the first pictures from Daredevil ’s third season. Plus, what’s to come on Riverdale, Halloween goes documental, an…",2018-09-24T13:30:00Z,"{'id': None, 'name': 'Gizmodo.com'}",More Joker Set Pictures Tease the Rise of a New Clown Prince of Crime,https://io9.gizmodo.com/more-joker-set-pictures-tease-the-rise-of-a-new-clown-p-1829257624,Cott
13,Photos from the upcoming Breakfast Club-inspired flashback episode of Riverdale features all the flirtations and flings of the parents. The post Riverdale Flashback Episode Photos Reveal Doomed Relationships & More appeared first on CBR.,2018-10-18T01:30:14Z,"{'id': None, 'name': 'Cbr.com'}",Riverdale Flashback Episode Photos Reveal Doomed Relationships & More,https://www.cbr.com/riverdale-flashback-episode-photos-doomed-relationships/,Cott
14,Australian supermarket giant Woolworths has removed sewing needles from its stores to prevent them being inserted into strawberries and other fruit following an outbreak of food sabotage across the country.,2018-09-20T10:43:45Z,"{'id': 'the-telegraph', 'name': 'The Telegraph'}",Woolworths withdraw sewing needles from shelves as fruit tampering 'hysteria' grows,https://www.telegraph.co.uk/news/2018/09/20/woolworths-withdraw-sewing-needles-shelves-fruit-tampering-hysteria/,Cott
15,"Riverdale stars Cole Sprouse, Lili Reinhart, Madelaine Petsch, Casey Cott, and Vanessa Morgan give each other compliments, stare into each other's eyes, and do trust falls. Source",2018-09-24T22:37:47Z,"{'id': None, 'name': 'Livejournal.com'}",The Riverdale cast test their friendship,https://ohnotheydidnt.livejournal.com/112439487.html,Cott
16,"Keeping up with the Joneses will be easier in season three of Riverdale. That’s because Jughead ’s mother and sister will be recurring and shaking things up around town. Gina Gershon (Jughead’s mother, Gladys Jones) and newcomer Trinity Likins (sister Jellybe…",2018-10-07T14:45:41Z,"{'id': None, 'name': 'Deadline.com'}",‘Riverdale’ To Introduce Jughead’s Family In Season Three – New York Comic Con,https://deadline.com/2018/10/riverdale-gina-gershon-trinity-likins-cast-season-3-cw-comic-con-1202477910/,Cott
17,"Riverdale's Lili Reinhart, Cole Sprouse, Vanessa Morgan, Madelaine Petsch, Skeet Ulrich, Madchen Amick join Casey Cott and answer the internet's most searched questions about the show and themselves. Source",2018-10-08T20:27:59Z,"{'id': None, 'name': 'Livejournal.com'}",The cast of Riverdale and Casey Cott answer the internet’s most searched questions by Wired,https://ohnotheydidnt.livejournal.com/112601398.html,Cott
18,"Nick Jonas may be more focused on his solo music career these days, but the 26-year-old hasn't forgotten his Broadway beginnings. At least Darren...",2018-10-08T15:40:02Z,"{'id': None, 'name': 'Billboard.com'}",Darren Criss and Nick Jonas Reprise 'How To Succeed in Business' With 'Brotherhood of Man' Duet at Elsie Fest,https://www.billboard.com/articles/news/broadway/8478658/darren-criss-nick-jonas-perform-elsie-fest-video,Cott
19,"The cast of Riverdale Season 3 continues to grow with the additions of Gina Gershon and Trinity Likins as Jughead's mother and sister, respectively. The post Riverdale Season 3 Casts Jughead’s Mother and Sister appeared first on CBR.",2018-10-07T14:45:26Z,"{'id': None, 'name': 'Cbr.com'}",Riverdale Season 3 Casts Jughead’s Mother and Sister,https://www.cbr.com/riverdale-season-3-jughead-mother-sister-gina-gershon-trinity-likins/,Cott
0,"As I rolled my cart through the snack section of Trader Joe's, a bag of tortilla chips caught my eye. The bright green packaging was simple, clean, and dare I say… beautiful. The front included three illustrated shapes rendered in dark lines of green which se…",2018-10-11T17:15:00Z,"{'id': None, 'name': 'Thekitchn.com'}",I Tried Trader Joe's New Brussels Sprout Tortilla Chips — Grocery News,https://www.thekitchn.com/trader-joes-brussels-sprouts-tortilla-chips-review-263466,Dare Foods
1,"We're pretty obsessed with SmartSweets low-sugar candy; the new-and-improved gummy bears taste just like the convenience store candy you grew up with, and dare we say the Sweet Fish are even better than their full-sugar Swedish Fish counterparts. So when we s…",2018-10-15T18:05:03Z,"{'id': None, 'name': 'Popsugar.com'}","SmartSweets Now Has Fun-Size Packs, and Sorry, Trick-or-Treaters, We're Not Sharing",https://www.popsugar.com/fitness/SmartSweets-Fun-Size-Packs-45381976,Dare Foods
2,"There are days where our internal motivation will suffice. Those are the days when you can get right to work without having to put on that fast-paced playlist, drink ten pots of coffee, and take a cold shower just to get started on your projects and responsib…",2018-10-09T16:00:05Z,"{'id': None, 'name': 'Lifehack.org'}",These 25 Work Hard Quotes Will Inspire You to Do More With Your Time,https://www.lifehack.org/805361/work-hard-quotes,Dare Foods
3,"How Acme, Aldi, Trader Joe's and Whole Foods stacked up when I tried to spend just $32 for a week's worth of groceries.",2018-09-21T17:42:00Z,"{'id': 'cnbc', 'name': 'CNBC'}","Here's what you get for $32 at Acme, Aldi, Trader Joe's and Whole Foods",https://www.cnbc.com/2018/09/21/what-groceries-32-dollars-buys-at-acme-aldi-trader-joes-and-whole-foods.html,Dare Foods
4,"FML : From fermented fish to maggot cheese, it will exhibit 80 culinary curiosities from around the world.",2018-10-03T15:00:00Z,"{'id': None, 'name': 'Fmylife.com'}",By Gloria Borger,http://www.fmylife.com/article/world-s-worst-dishes-honored-in-swedish-museum_289113.html,Dare Foods
5,"First-time visitors to Strasbourg will feel as if they are looking at a movie backdrop. The reflections of half-timbered houses with sloping roofs, reminiscent of those seen in fairytales, recur in the many waterways surrounding and running through the city",2018-09-25T13:13:00Z,"{'id': None, 'name': 'Forbes.com'}","6 Reasons To Visit Strasbourg, France: Cradle Of Alsatian Culture",https://www.forbes.com/sites/irenelevine/2018/09/25/6-reasons-to-visit-strasbourg-france-cradle-of-alsatian-culture/,Dare Foods
6,"Against the odds, Valerie Stivers finds a way to make an appetizing dessert inspired by ‘The Story of the Eye.’",2018-10-19T13:00:07Z,"{'id': None, 'name': 'Theparisreview.org'}",Cooking with Georges Bataille,https://www.theparisreview.org/blog/2018/10/19/cooking-with-georges-bataille/,Dare Foods
7,"(Natural News) Genetically modified food is a very controversial subject. More and more people are growing skeptical of its safety and going out of their way to avoid it, while others are less concerned by its risks. What factors play a role in these attitude…",2018-09-25T18:03:06Z,"{'id': None, 'name': 'Naturalnews.com'}",Consumer attitudes toward biotechnology differ depending on whether food is fresh or processed,https://www.naturalnews.com/2018-09-25-consumer-perceptions-of-biotechnology-how-they-differ-between-fresh-food-vs-processed-food.html,Dare Foods
8,"A new exhibit features world ""delicacies"" including maggot-infested cheese and a bull's penis.",2018-10-01T21:01:53Z,"{'id': None, 'name': 'Stuff.co.nz'}",What's served up at the Disgusting Food Museum?,https://www.stuff.co.nz/travel/themes/food/107526610/Whats-served-up-at-the-Disgusting-Food-Museum,Dare Foods
9,Teen Mom star Tyler Baltierra shared a before-and-after photo of his stunning weight loss and shared his new weight with fans.,2018-09-28T17:28:03Z,"{'id': None, 'name': 'Thehollywoodgossip.com'}",Tyler Baltierra Shows Off Jaw-Dropping Weight Loss!,https://www.thehollywoodgossip.com/2018/09/tyler-baltierra-shows-off-jaw-dropping-weight-loss/,Dare Foods
10,Health coach and digestive expert Robyn Youkilis weighs in—and explains more of the tiny seed's big benefits.,2018-09-30T16:00:57Z,"{'id': None, 'name': 'Wellandgood.com'}","Sure, flaxseed is full of fiber—but how exactly do you use it?",https://www.wellandgood.com/good-food/how-to-use-flaxseed/,Dare Foods
11,"Founded in Italy, Carlo Petrini’s cult-like Slow Food doctrine is one for the privileged; as one of its proponents, I secretly found comfort in Big Macs and fast food",2018-10-18T14:17:41Z,"{'id': None, 'name': 'Eater.com'}",How Slow Food’s Elitism Only Fueled My Craving for McDonald’s,https://www.eater.com/2018/10/18/17943358/slow-food-manifesto-elitist-fast-food,Dare Foods
12,"About 175 small food-and-beverage startups jumped into action when their shared commercial kitchen space closed suddenly on Saturday. Pilotworks shuttered all of its shared kitchen spaces, citing a failure to find funding.",2018-10-16T20:21:00Z,"{'id': None, 'name': 'Forbes.com'}",Small Food Makers Pull Together When Their Commercial Kitchen Abruptly Closes,https://www.forbes.com/sites/janetforgrieve/2018/10/16/small-food-makers-pull-together-when-their-commercial-kitchen-abruptly-closes/,Dare Foods
13,"Strengthening your family bond doesn’t have to be difficult. There are fun activities that can create many happy memories, help you get to know each other better, and let you experience the world in new ways. To help you along, we’ve produced a list of 25 fun…",2018-09-27T16:00:47Z,"{'id': None, 'name': 'Lifehack.org'}",25 Super Fun Things to Do With Family to Strengthen Your Bond,https://www.lifehack.org/803471/things-to-do-with-family,Dare Foods
14,"In light of the Kavanaugh proceedings, I want to bury my head in the sand and find distractions from the terrible reality that's been unfolding. But what good would that do? As I continue to follow the coverage of a man who's been accused of sexually assaulti…",2018-10-01T19:00:00Z,"{'id': None, 'name': 'Cupcakesandcashmere.com'}",The List (Let's Talk About Sobriety—These Women Are),https://cupcakesandcashmere.com/series-stories/the-list-what-to-do-this-week-october-1-2018,Dare Foods
15,"Venus is going retrograde, and that’s a *potent* thing.",2018-09-30T12:00:36Z,"{'id': None, 'name': 'Wellandgood.com'}",This is the week astrologically to connect to your fierce feminine power,https://www.wellandgood.com/good-advice/horoscope-fierce-feminine-power/,Dare Foods
16,"From meatballs and crispbread to supermarket bread and random snacks, my Swedish gluten-free travels were delicious.",2018-09-25T18:34:05Z,"{'id': None, 'name': 'Self.com'}",I'm a Foodie With Celiac Disease. Here's Why I Love Traveling to Sweden,https://www.self.com/story/im-a-foodie-with-celiac-disease,Dare Foods
17,"Mayochup, a new condiment from Heinz, is available now — but it isn't the only mayo-ketchup mashup.",2018-10-13T13:00:26Z,"{'id': None, 'name': 'Seattletimes.com'}",Sponsored: Which mayo-ketchup sauce is worthy of your burger and fries?,https://www.seattletimes.com/explore/shop-northwest/where-did-the-mayo-ketchup-mashup-begin-and-which-is-the-best/,Dare Foods
18,Shilpa Shetty Kundra's latest Sunday binge video is making us drool and also making us wonder just how does she stay so fit! She answers that question for us...,2018-10-15T13:15:13Z,"{'id': None, 'name': 'Ndtv.com'}",Shilpa Shetty Binges On Bhajiyas And Tells Us How To Burn The Calories!,https://food.ndtv.com/food-drinks/watch-shilpa-shetty-binges-on-bhajiyas-and-tells-us-how-to-burn-those-calories-1932496,Dare Foods
19,"So there's airport lounges, and then there are AIRPORT LOUNGES. The Emirates First Class lounge Dubai is probably the most over the top lounge out there, and ...",2018-10-20T19:34:07Z,"{'id': None, 'name': 'Pointswithacrew.com'}",The Emirates First Class lounge Dubai is ridiculous,https://www.pointswithacrew.com/the-emirates-first-class-lounge-dubai-is-ridiculous/,Dare Foods
0,"Think chess pieces, not nesting dolls.",2018-10-15T13:00:02Z,"{'id': None, 'name': 'Cnet.com'}",Hyundai will push for more design distinction between its models - Roadshow,https://www.cnet.com/roadshow/news/hyundai-design-distinction/,Chapman's
1,Kitchn's Delicious Links column highlights recipes we're excited about from the bloggers we love. Follow along every weekday as we post our favorites. Perhaps the most dubious thing about Mississippi pot roast is how it came to be called that in the first pla…,2018-10-08T12:30:00Z,"{'id': None, 'name': 'Thekitchn.com'}",You Need This Mississippi Pot Roast in Your Life — Delicious Links,https://www.thekitchn.com/mississippi-pot-roast-recipe-belle-of-the-kitchen-263188,Chapman's
2,"Filed under: Lotus, Automotive History, Convertible, Classics Lotus Cars wants to find the first Lotus ever built, the 1948 Mark I built by Colin Chapman himself. Continue reading Lotus wants to find its first car, built by Colin Chapman Lotus wants to find i…",2018-09-24T19:25:00Z,"{'id': None, 'name': 'Autoblog.com'}","Lotus wants to find its first car, built by Colin Chapman",https://www.autoblog.com/2018/09/24/lotus-mark-i-lost-colin-chapman/,Chapman's
3,"Brett Kavanaugh's wife, Ashley, is the latest in a long list of examples.",2018-09-25T20:24:26Z,"{'id': 'abc-news', 'name': 'ABC News'}",What it means to 'stand by your man' in the #MeToo era,https://abcnews.go.com/US/means-stand-man-metoo-era/story?id=57909310,Chapman's
4,"Lotus is enlisting the help of enthusiasts, collectors, and any car hunter willing to help find the first car that company founder Colin Chapman built. The car is the Lotus Mark I, which Chapman built from a donor Austin Seven back in 1948, and it hasn't been…",2018-09-27T06:30:00Z,"{'id': None, 'name': 'Motorauthority.com'}",Hunt on to find Lotus founder Colin Chapman's first car,https://www.motorauthority.com/news/1119006_hunt-on-to-find-lotus-founder-colin-chapmans-first-car,Chapman's
5,"lehighvalleylive.com Dog the Bounty Hunter on Shawn Christy's trail, report says lehighvalleylive.com Dog the Bounty Hunter is headed to Ohio in search of fugitive Shawn Christy, a newspaper reports. (Associated Press file photo). Comment. By Tony Rhodin · ar…",2018-09-20T11:52:00Z,"{'id': None, 'name': 'Lehighvalleylive.com'}","Dog the Bounty Hunter on Shawn Christy's trail, report says - lehighvalleylive.com",https://www.lehighvalleylive.com/news/index.ssf/2018/09/dog_the_bounty_hunter_on_shawn.html,Chapman's
6,South Australia's Independent Commissioner Against Corruption reveals he was forced to make a public statement about a secret ICAC matter after Attorney-General Vickie Chapman issued her own public statement about the case.,2018-09-28T10:24:12Z,"{'id': 'abc-news-au', 'name': 'ABC News (AU)'}",Corruption commissioner at odds with Attorney-General over public servants,http://www.abc.net.au/news/2018-09-28/sa-corruption-commissioner-at-odds-with-attorney-general/10319152,Chapman's
7,"The Lotus headquarters will soon undergo a transformation. The company has submitted plans for a new customer experience center, heritage center and museum. Lotus' Friday announcement comes as the company celebrates 70 years since founder Colin Chapman built …",2018-09-30T08:00:00Z,"{'id': None, 'name': 'Motorauthority.com'}","Lotus to transform Hethel headquarters, build new customer experience center",https://www.motorauthority.com/news/1119064_lotus-to-transform-hethel-headquarters-build-new-customer-experience-center,Chapman's
8,"NEW YORK -- Should the Yankees have a lead in the ninth inning for Wednesday's American League Wild Card Game against the Athletics, manager Aaron Boone said that he expects to place the ball in Aroldis Chapman's left hand. • AL Wild Card Game presented by Ha…",2018-10-03T23:17:00Z,"{'id': None, 'name': 'Mlb.com'}","Boone: Chapman at full strength, ready for 9th",https://www.mlb.com/news/boone-aroldis-chapman-back-at-full-strength/c-296983936,Chapman's
9,"Mercedes-AMG recently hosted a special event where future owners of its Project One hypercar could spec their cars. It was at this event where AMG also revealed the final name of the car (Project One is only a code name), and according to some of the people i…",2018-09-27T15:00:00Z,"{'id': None, 'name': 'Motorauthority.com'}","AMG One hypercar, 2019 Nissan Note e-Power Nismo S, 2020 BMW X6 M: Today's Car News",https://www.motorauthority.com/news/1119024_amg-one-hypercar-2019-nissan-note-e-power-nismo-s-2020-bmw-x6-m-todays-car-news,Chapman's
10,Western Cape traffic authorities have had their hands full after a rockfall led to the closure of Chapman's Peak Drive and parts of the N1 near De Doorns and Worcester were closed due to two truck accidents.,2018-10-03T10:03:00Z,"{'id': 'news24', 'name': 'News24'}","News24.com | Chappies rockfall, two truck accidents keep traffic authorities busy",https://www.news24.com/SouthAfrica/News/chappies-rockfall-two-truck-accidents-keep-traffic-authorities-busy-20181003,Chapman's
11,A man who stomped his girlfriend to death in stairwell in Broome shopping centre is sentenced to life in prison with a minimum of 17 years.,2018-09-26T05:16:01Z,"{'id': 'abc-news-au', 'name': 'ABC News (AU)'}",Life sentence for man who kicked girlfriend to death in Broome stairwell,http://www.abc.net.au/news/2018-09-26/sentencing-broome-man-stomped-partner-to-death/10306442,Chapman's
12,Tracklist: 01. Fast Car (4:59)02. Subcity (5:13)03. Baby Can I Hold You (3:15)04. The Promise (5:28)05. I'm Ready (4:56)06. Crossroads (4:13)07. Bang Bang Bang (4:23)08. Telling Stories (3:59)09. Smoke And Ashes (6:39)10. Speak the Word (4:13)11. Wedding Song…,2018-10-04T07:38:44Z,"{'id': None, 'name': 'Irsabox.com'}",Tracy Chapman - Collection (2001),https://www.irsabox.com/3137669262-tracy-chapman-collection-2001.html,Chapman's
13,"Since bursting onto the underground house scene in 2011, Essex-based DJ and producer Max Chapman has since gone on a rewarding journey of energy, creativity and unconditional passion, pumping out smooth tech-house tracks that has earned him worldwide recognit…",2018-10-12T17:00:07Z,"{'id': None, 'name': 'Earmilk.com'}",Max Chapman takes us to 'Lima' in true tech-house style [EP],https://earmilk.com/2018/10/12/max-chapman-takes-us-to-lima-in-true-tech-house-style-ep/,Chapman's
14,"Bud Chapman never built a golf course, but his imagination pioneered remote architecture and wildly avant-garde design.",2018-10-04T13:41:20Z,"{'id': None, 'name': 'Golfdigest.com'}",Editor's Letter: Golf At The Ends Of The Earth,https://www.golfdigest.com/story/editors-letter-golf-at-the-ends-of-the-earth,Chapman's
15,A South Australian budget estimates committee turns into a fiery exchange with the Transport Minister stonewalling questions about two senior public servants who have suddenly gone on leave.,2018-09-27T05:36:24Z,"{'id': 'abc-news-au', 'name': 'ABC News (AU)'}",Minister dodges questions about Renewal SA public servants,http://www.abc.net.au/news/2018-09-27/questions-surround-renewal-sa-public-servants-on-leave/10311296,Chapman's
16,Tracklist: 01. Picture Of You02. Baby Can I Hold You (7' Edit)03. All That I Need (7' Edit)04. Must Have Been High05. And I06. That's How Love Goes07. Where Did You Go08 I'm Learning (Part 1)09. One Kiss At A Time10. While The World Is Going Crazy11. This Is …,2018-10-19T12:34:15Z,"{'id': None, 'name': 'Isrbx.com'}",Boyzone - Where We Belong (1998),https://www.isrbx.com/3137672476-boyzone-where-we-belong-1998.html,Chapman's
17,The South Australian Independent Commissioner Against Corruption (ICAC) issues an extraordinary public statement on two senior Renewal SA executives who have suddenly gone on leave.,2018-09-27T05:36:24Z,"{'id': 'abc-news-au', 'name': 'ABC News (AU)'}",SA ICAC issues statement following questions about two public servants,http://www.abc.net.au/news/2018-09-27/icac-issues-statement/10311296,Chapman's
18,Tracklist:01 - Overture from Strange Places02 - A Cowboy Phase03 - Hell to Pay04 - Gamelan 105 - Vanity and Pride06 - Sensimilia07 - Fool in the Night08 - Gamelan 209 - Only Pretend10 - Overture Reprise11 - For OnceLine-up:Backing Vocals – Patsy MathesonBass …,2018-09-26T05:27:12Z,"{'id': None, 'name': 'Israbox.site'}",Michael Chapman - Dreaming Out Loud (1997) Lossless,https://www.israbox.site/3137667592-michael-chapman-dreaming-out-loud-1997-lossless.html,Chapman's
19,Keep it right here for Monday's action,2018-09-25T05:54:42Z,"{'id': None, 'name': 'Cbssports.com'}","MLB scores, schedule, live team updates, news: AL playoff field set; NL races get tighter",https://www.cbssports.com/mlb/news/mlb-scores-schedule-live-team-updates-news-al-playoff-field-set-nl-races-get-tighter/,Chapman's
0,San Francisco 49ers running back Matt Breida questionable for game against Green Bay because of shoulder and ankle injuries,2018-10-13T21:18:50Z,"{'id': 'fox-sports', 'name': 'Fox Sports'}",49ers RB Matt Breida questionable for game vs. Packers,https://www.foxsports.com/nfl/story/49ers-rb-matt-breida-questionable-for-game-vs-packers-101318,George Weston Limited
1,"If the 49ers' leading rusher is unable to play on Monday night, the team may have to promote running back Jeff Wilson from the practice squad.",2018-10-13T20:51:34Z,"{'id': None, 'name': 'Yahoo.com'}","49ers-Packers injury report: Matt Breida practices, listed as questionable",https://sports.yahoo.com/49ers-packers-injury-report-matt-205134088.html,George Weston Limited
2,"SANTA CLARA, Calif. (AP) -- San Francisco 49ers running back Matt Breida is questionable for Monday night's game against the Green Bay Packers because of shoulder and ankle injuries.",2018-10-13T21:19:43Z,"{'id': None, 'name': 'Yahoo.com'}",49ers RB Matt Breida questionable for game vs. Packers,https://sports.yahoo.com/49ers-rb-matt-breida-questionable-game-vs-packers-211943651--nfl.html,George Weston Limited
3,"Cornerback Ahkello Witherspoon, who is on pace to be cleared through the NFL's concussion protocol, is likely to start Sunday against the Los Angeles Rams, 49ers coach Kyle Shanahan said Friday. Witherspoon is expected to start in place of Jimmie Ward, who re…",2018-10-19T20:47:26Z,"{'id': None, 'name': 'Yahoo.com'}","49ers, Rams injury reports: Ahkello Witherspoon in line to start, Richard Sherman questionable",https://sports.yahoo.com/49ers-rams-injury-reports-ahkello-204726771.html,George Weston Limited
4,NBCSports.com 49ers open practice week with eight offensive players sidelined NBCSports.com SANTA CLARA – The 49ers were missing eight offensive players Thursday during their first practice in preparation to face the Green Bay Packers. Among the players who w…,2018-10-12T00:08:27Z,"{'id': None, 'name': 'Nbcsports.com'}",49ers open practice week with eight offensive players sidelined - NBCSports.com,https://www.nbcsports.com/bayarea/49ers/49ers-open-practice-week-eight-offensive-players-sidelined,George Weston Limited
5,This summer's heatwave and winter freeze brought home how vulnerable new builds can be to extreme weather.,2018-10-02T16:48:38Z,"{'id': None, 'name': 'Homesandproperty.co.uk'}",Many new buildings dangerously unprepared for climate change,https://www.homesandproperty.co.uk/property-news/buying/new-homes/extreme-heat-and-arctic-winters-londons-new-buildings-withstand-climate-change-a124501.html,George Weston Limited
6,"NBCSports.com 49ers ponder signing another running back, third quarterback to roster NBCSports.com SANTA CLARA -- Two weeks ago, the 49ers brought in seven quarterbacks to work out after Jimmy Garoppolo sustained his season-ending knee injury. While Tom Savag…",2018-10-09T05:56:04Z,"{'id': None, 'name': 'Nbcsports.com'}","49ers ponder signing another running back, third quarterback to roster - NBCSports.com",https://www.nbcsports.com/bayarea/49ers/49ers-ponder-signing-another-running-back-third-quarterback-roster,George Weston Limited
7,"NBCSports.com 49ers snap count: Solomon Thomas plays least of any D-linemen vs. Packers NBCSports.com One of the big disappointments of the first half of the 49ers' season has been the dwindling production and playing time of Solomon Thomas, the No. 3 overall…",2018-10-16T20:33:43Z,"{'id': None, 'name': 'Nbcsports.com'}",49ers snap count: Solomon Thomas plays least of any D-linemen vs. Packers - NBCSports.com,https://www.nbcsports.com/bayarea/49ers/49ers-snap-count-solomon-thomas-plays-least-any-d-linemen-vs-packers,George Weston Limited
8,NBCSports.com Kyle Shanahan explains 49ers' end-of-game play calls vs. Packers NBCSports.com The 49ers had a chance to win the game with some production on their final three offensive possessions Monday night. The 49ers had success on the ground with running …,2018-10-17T03:30:03Z,"{'id': None, 'name': 'Nbcsports.com'}",Kyle Shanahan explains 49ers' end-of-game play calls vs. Packers - NBCSports.com,https://www.nbcsports.com/bayarea/49ers/kyle-shanahan-explains-49ers-end-game-play-calls-vs-packers,George Weston Limited
9,"The 49ers make their first of three (down from four) prime-time appearances in five weeks on Monday. Six of their offensive starters are listed as questionable in advance of the game against the Packers. They are running back Matt Breida (shoulder, ankle), re…",2018-10-13T22:51:18Z,"{'id': None, 'name': 'Yahoo.com'}",Six 49ers offensive starters questionable for Monday,https://sports.yahoo.com/six-49ers-offensive-starters-questionable-225118576.html,George Weston Limited
10,"SANTA CLARA – The 49ers had a dozen players who did not go through a full practice due to injuries, while Green Bay's headliner admitted he sustained setback to his left knee and did not step on the practice field, either.Quarterback Aaron Rodgers was",2018-10-12T01:12:59Z,"{'id': None, 'name': 'Yahoo.com'}",49ers-Packers injury report: Aaron Rodgers rests after knee setback,https://sports.yahoo.com/49ers-packers-injury-reports-aaron-011259535.html,George Weston Limited
11,"SANTA CLARA – Marquise Goodwin has returned to full practice this week, but three other 49ers wide receivers remain sidelined with injuries.Pierre Garcon (shoulder and knee), Trent Taylor (back) and Dante Pettis (knee) sat out practice Friday. Pettis",2018-10-12T23:28:15Z,"{'id': None, 'name': 'Yahoo.com'}",49ers-Packers injury report: Three wide receivers sit out Friday's practice,https://sports.yahoo.com/49ers-packers-injury-report-three-232815855.html,George Weston Limited
12,San Francisco 49ers running back Matt Breida questionable for game against Green Bay because of shoulder and ankle injuries,2018-10-13T21:18:44Z,"{'id': 'usa-today', 'name': 'USA Today'}",49ers RB Matt Breida questionable for game vs. Packers,https://www.usatoday.com/story/sports/nfl/2018/10/13/49ers-rb-matt-breida-questionable-for-game-vs-packers/38149297/?utm_source=google&utm_medium=amp&utm_campaign=speakable,George Weston Limited
13,John Daigle gets you caught up on Lamar Millers' chest and all the key injuries as we brace for Week 5.,2018-10-06T13:03:00Z,"{'id': None, 'name': 'Yahoo.com'}",Injury Report: Week 5,https://sports.yahoo.com/injury-report-week-5-130300846--spt.html,George Weston Limited
14,An extra day of rest might be just what San Francisco 49ers running back Matt Breida needs in order to play in Monday's road game versus the Green Bay Packers.,2018-10-14T20:17:09Z,"{'id': None, 'name': 'Upi.com'}","49ers RB Matt Breida making progress, iffy vs. Packers",https://www.upi.com/Sports_News/NFL/2018/10/14/49ers-RB-Matt-Breida-making-progress-iffy-vs-Packers/1521539547319/,George Weston Limited
15,Running backs play a key role in this week's Friday breakdown of the injury report,2018-10-05T21:33:26Z,"{'id': None, 'name': 'Cbssports.com'}","Week 5 NFL injuries: Joe Mixon, Devonta Freeman ready to return; Dalvin Cook, Lamar Miller in doubt",https://www.cbssports.com/nfl/news/week-5-nfl-injuries-joe-mixon-devonta-freeman-ready-to-return-dalvin-cook-lamar-miller-in-doubt/,George Weston Limited
16,John Daigle gets you caught up on Cooper Kupp's knee and all the key injuries as we brace for Week 7.,2018-10-20T13:31:00Z,"{'id': None, 'name': 'Yahoo.com'}",Injury Report: Week 7,https://sports.yahoo.com/injury-report-week-7-133100349--spt.html,George Weston Limited
17,Comments,2018-10-05T09:40:05Z,"{'id': None, 'name': 'Stanford.edu'}",Amanuensis: The Programmer's Apprentice,https://web.stanford.edu/class/cs379c/resources/amanuensis/index.html,George Weston Limited
18,The Green Bay Packers on Saturday listed starting receivers Randall Cobb and  Geronimo Allison as questionable with hamstring injuries for Monday night's ...,2018-10-13T21:57:56Z,"{'id': 'daily-mail', 'name': 'Daily Mail'}","Packers WRs Cobb, Allison questionable for 49ers",https://www.dailymail.co.uk/wires/reuters/article-6273377/Packers-WRs-Cobb-Allison-questionable-49ers.html,George Weston Limited
19,"An extra day might allow Matt Breida to play. After head coach Kyle Shanahan had deemed him ""doubtful"" to suit up Monday against the Packers, the 49ers running back was officially listed as questionable Saturday with an ankle injury. Breida was limited in pra…",2018-10-13T22:08:22Z,"{'id': None, 'name': 'Sfgate.com'}",49ers’ Breida has a chance to play; Staley enjoying stability,https://www.sfgate.com/49ers/article/49ers-Breida-has-a-chance-to-play-Staley-13305176.php,George Weston Limited
0,"<!--dda7bd42579b4dc0937c45f979fc5c69-->Hello everyone!! Here's a great soup to do with your kids & friends for halloween!! You Will Need:...of course a medium pumpkin,- Yellow beans - Carrots - Shallots - Chives - Asparagus - Zucchini - Mushrooms - Tomatoes -…",2018-10-08T02:55:22Z,"{'id': None, 'name': 'Instructables.com'}",Halloween Super Soup,https://www.instructables.com/id/Halloween-Super-Soup/,Daiya
1,<!--dda7bd42579b4dc0937c45f979fc5c69-->Here is a great soup to do with your friends and kids!! You Will Need:..of course a medium pumpkin.- yellow beans- carrots- shallots- chives- asparagus-zucchini- mushrooms- tomatoes-ginger- chia seeds (white or black)- h…,2018-10-05T22:13:37Z,"{'id': None, 'name': 'Instructables.com'}",Pumpkin Halloween Vegetable Soup,https://www.instructables.com/id/Pumpkin-Halloween-Vegetable-Soup/,Daiya
2,"When you're a biding by a low-dairy or dairy-free lifestyle, you don't necessarily have to cut ice cream out of your diet. Luckily many ice cream companies are making a point to expand their offerings to be more inclusive to dairy-sensitive and dairy-free cus…",2018-10-05T21:57:34Z,"{'id': None, 'name': 'Thisisinsider.com'}",12 of the best dairy-free ice creams everyone should try,https://www.thisisinsider.com/best-dairy-free-ice-creams-2018-9,Daiya
3,"El ruso aventajó en 1.14 segundos al japonés Daiya Seto, segundo con 51.40, y en 1.5 segundos al vigente campeón mundial de la distancia, el estadounidense Michael Andrew, tercero con 51.76.",2018-09-28T23:12:46Z,"{'id': None, 'name': 'As.com'}",Morozov fija un nuevo récord del mundo en los 100 estilos,https://as.com/masdeporte/2018/09/29/polideportivo/1538176207_391792.html,Daiya
4,El español Joan Lluís Pons logró este sábado la medalla de bronce en la prueba de 400 metros estilos de la prueba de la Copa del Mundo de natación en piscina corta.,2018-10-06T17:25:56Z,"{'id': None, 'name': 'As.com'}","Joan Lluís Pons, bronce en los 400 estilos de Budapest",https://as.com/masdeporte/2018/10/06/polideportivo/1538846465_084013.html,Daiya
5,"Les proches de Tiphaine Véron, disparue au Japon en juillet dernier, envisagent de plus en plus l'hypothèse criminelle.",2018-10-16T15:00:00Z,"{'id': None, 'name': 'Lexpress.fr'}",Française disparue au Japon: sa famille interpelle Macron,https://www.lexpress.fr/actualite/societe/fait-divers/francaise-disparue-au-japon-sa-famille-interpelle-macron_2040080.html,Daiya
6,Olympic medallist Chad le Clos continued his golden spree on day two of the fourth leg of the FINA Swimming World Cup in Budapest.,2018-10-05T20:46:43Z,"{'id': None, 'name': 'Sport24.co.za'}",Sport24.co.za | Chad le Clos continues golden run in Budapest,https://www.sport24.co.za/OtherSport/WaterSport/chad-le-clos-continues-golden-run-in-budapest-20181005,Daiya
7,"Daiya Foods is the category sales leader in non-dairy ""comfort foods,"" from cheezes to cheezecake, pizza to frozen desserts. Campaign is intended to appeal to all lovers of comfort foods, not just the dairy-adverse. Video runs on Hulu, Pinterest, Instagram an…",2018-10-03T03:47:58Z,"{'id': None, 'name': 'Bestadsontv.com'}",TV ad: Daiya: Talking Box,https://www.bestadsontv.com/ad/97588/Daiya-Talking-Box,Daiya
8,"VANCOUVER, British Columbia, Sept. 27, 2018 /PRNewswire/ -- Daiya, the leading maker of plant-based foods, has launched its latest national advertising campaign, ""Comfort Foods That Love You Back,"" to highlight the benefits of its extensive line of great tast…",2018-09-27T12:02:00Z,"{'id': None, 'name': 'Prnewswire.comdaiya-spotlights-comfort-food-that-loves-you-back-in-2018-ad-campaign-300719910'}","Daiya Spotlights ""Comfort Food That Loves You Back"" in 2018 Ad Campaign",https://www.prnewswire.comdaiya-spotlights-comfort-food-that-loves-you-back-in-2018-ad-campaign-300719910,Daiya
9,"Daiya Foods is the category sales leader in non-dairy ""comfort foods,"" from cheezes to cheezecake, pizza to frozen desserts. Campaign is intended to appeal to all lovers of comfort foods, not just the dairy-adverse. Video runs on Hulu, Pinterest, Instagram an…",2018-10-03T02:55:44Z,"{'id': None, 'name': 'Bestadsontv.com'}","Outdoor ad: Daiya: Talking Box shelf ""talker""",https://www.bestadsontv.com/ad/97589/Daiya-Talking-Box-shelf-talker,Daiya
10,"The post Daiya Seto Sets World Cup Record in 200 IM appeared first on Swimming World News. Japan had a strong showing in the 200 IM, finishing 1-2 in the event. Daiya Seto had a dominating performance to set a new World Cup record in the event. The post Daiya…",2018-09-29T14:52:11Z,"{'id': None, 'name': 'Swimmingworldmagazine.com'}",Daiya Seto Sets World Cup Record in 200 IM,https://www.swimmingworldmagazine.com/news/daiya-seto-sets-world-cup-record-in-200-im/,Daiya
11,"The post World Cup Eindhoven Day 2 Finals: Kathleen Baker, Sarah Sjostrom, Daiya Seto Win appeared first on Swimming World News. The World Cup stop in Eindhoven, Netherlands, continued on Saturday as some of the world’s best swimmers competed for bragging rig…",2018-09-29T14:34:54Z,"{'id': None, 'name': 'Swimmingworldmagazine.com'}","World Cup Eindhoven Day 2 Finals: Kathleen Baker, Sarah Sjostrom, Daiya Seto Win",https://www.swimmingworldmagazine.com/news/world-cup-eindhoven-day-2-finals-kathleen-baker-sarah-sjostrom-daiya-seto-win/,Daiya
12,The post World Records Tumble on Last Day of FINA World Cup in Budapest appeared first on Swimming World News. Men’s 400 IM Japan’s Daiya Seto continued his World Cup dominance with a win in the 400 IM to start the last session of the FINA World Cup in Budape…,2018-10-06T17:50:19Z,"{'id': None, 'name': 'Swimmingworldmagazine.com'}",World Records Tumble on Last Day of FINA World Cup in Budapest,https://www.swimmingworldmagazine.com/news/world-records-tumble-on-last-day-of-fina-world-cup-in-budapest/,Daiya
13,"Welcome to Money Diaries, where we're tackling what might be the last taboo facing modern working women: money. We're asking millennials how they spend their hard-earned money during a seven-day period — and we're tracking every last dollar. We're going on bo…",2018-10-03T14:45:00Z,"{'id': None, 'name': 'Refinery29.com'}","A Week In Louisville, KY, On A $32,000 Salary",https://www.refinery29.com/en-us/money-diary-louisville-ky-teacher-salary,Daiya
14,Meint sie das ernst?,2018-10-01T05:05:16Z,"{'id': None, 'name': 'Ohhhmhhh.de'}",Wie aus einer bekloppten Idee etwas sehr Lustiges wurde – hier kommt mein Tanzvideo zur neuen Shiseido Make-Up-Kollektion. Plus eine Verlosung!,https://www.ohhhmhhh.de/wie-aus-einer-bekloppten-idee-etwas-sehr-lustiges-wurde-hier-kommt-mein-tanzvideo-zur-neuen-shiseido-make-up-kollektion/,Daiya
15,,2018-10-12T17:00:00Z,"{'id': None, 'name': 'Curlynikki.com'}",My Vegan and (mostly) Alcohol-Free Lifestyle... and WHY.,http://www.curlynikki.com/2018/10/my-vegan-and-mostly-alcohol-free.html,Daiya
16,"Chad le Clos completed another successful FINA Swimming World Cup meeting, winning four medals at the Budapest leg over the weekend.",2018-10-07T19:14:39Z,"{'id': None, 'name': 'Sport24.co.za'}",Sport24.co.za | Le Clos bags 4 medals in Budapest bounty,https://www.sport24.co.za/OtherSport/WaterSport/le-clos-bags-4-medals-in-budapest-bounty-20181007,Daiya
17,Byrdie recently revealed the results of a year-long trial which uncovered the best beauty products in the country for every type of skin.,2018-10-05T05:05:20Z,"{'id': 'daily-mail', 'name': 'Daily Mail'}",The beauty products named the best in the country after being trialled by a panel for a YEAR,https://www.dailymail.co.uk/femail/article-6242231/The-beauty-products-named-best-country-trialled-panel-YEAR.html,Daiya
18,"Il y a de l’usure dans sa voix. L’usure du doute et des regains d’espoir, de cette alternance impossible, écrasante, entre analyses glaciales et pressentiments soudains. Damien Véron ne se plaint pourtant...",2018-10-16T15:06:47Z,"{'id': None, 'name': 'Leparisien.fr'}","Le frère de Tiphaine Véron, disparue au Japon, à Emmanuel Macron : «Vous êtes notre dernier espoir»",http://www.leparisien.fr/faits-divers/le-frere-de-tiphaine-veron-disparue-au-japon-a-emmanuel-macron-vous-etes-notre-dernier-espoir-16-10-2018-7920450.php,Daiya
19,"When you're abiding by a low-dairy or dairy-free lifestyle, you don't necessarily have to cut ice cream out of your diet. Luckily many ice cream companies are making a point to expand their offerings to be more inclusive to dairy-sensitive and dairy-free cust…",2018-10-05T11:57:34Z,"{'id': None, 'name': 'Businessinsider.com.au'}",12 of the best dairy-free ice creams everyone should try,https://www.businessinsider.com.au/best-dairy-free-ice-creams-2018-9,Daiya
0,"These are the stories making headlines in fashion on Monday. Sears files for bankruptcySears, the once-dominant retail chain that changed how Americans shopped, filed for Chapter 11 bankruptcy Monday morning. Over the last decade, the company has built up mas…",2018-10-15T16:00:00Z,"{'id': None, 'name': 'Fashionista.com'}","Must Read: Sears Files for Bankruptcy, 'RuPaul's Drag Race' Winner Aquaria Signs with IMG",https://fashionista.com/2018/10/sears-filing-bankruptcy-2018,Cara Operations
1,"Online, Mobile The Als Association Advertising Agency: BWM Dentsu, Sydney, Australia Chief Creative Officer: Rob Belgiovane Executive Creative Director: Asheen Naidu Senior Creative: Oskar Westerdal, Rene Schultz Film Producer: Emma Durlacher Design Director:…",2018-09-26T10:09:22Z,"{'id': None, 'name': 'Adeevee.com'}",The ALS Association: Project Revoice,http://www.adeevee.com/2018/09/the-als-association-project-revoice-online-mobile/,Cara Operations
2,Activist investor Trian Fund Management disclosed a new stake in PPG and plans to push for changes at the paint maker.,2018-10-09T22:47:57Z,"{'id': 'the-wall-street-journal', 'name': 'The Wall Street Journal'}",Activist Trian Fund Takes 2.9% Stake in Paint Company PPG,https://www.wsj.com/articles/activist-investor-trian-takes-2-9-stake-in-ppg-1539117961,Cara Operations
3,"Restaurant company Recipe Unlimited, which owns many popular chains, has been told to pay ransom in bitcoin to retrieve data that hackers claim to have stolen. The company says the threat isn't real because its systems are protected.",2018-10-03T08:00:00Z,"{'id': 'cbc-news', 'name': 'CBC News'}",Hackers demand bitcoin ransom in cyberattack on big Canadian restaurants,https://www.cbc.ca/news/business/ransomware-hack-recipe-unlimited-restaurant-cyberattack-1.4847487,Cara Operations
4,Hedge fund D.E. Shaw has boosted its stake in Bunge and joined Continental Grain in pushing the grain trader to make operational improvements or add board members.,2018-10-08T19:14:39Z,"{'id': 'the-wall-street-journal', 'name': 'The Wall Street Journal'}",Two Funds Push for Change at Bunge,https://www.wsj.com/articles/d-e-shaw-joins-continental-grain-in-pushing-for-change-at-bunge-1539024275,Cara Operations
5,Seven straightforward steps to help you invest in high-growth -- but high-risk -- marijuana stocks.,2018-10-12T16:45:00Z,"{'id': None, 'name': 'Fool.com'}",How to Invest in Marijuana Stocks,https://www.fool.com/investing/2018/10/12/how-to-invest-in-marijuana-stocks.aspx,Cara Operations
6,"Probablemente en la NFL de 2018 habrían acabado en el cuartelillo el defensa, el coordinador defensivo y hasta el fotógrafo, pero no deja de ser una instantánea mágica.",2018-09-27T21:10:11Z,"{'id': None, 'name': 'As.com'}",Mi foto favorita de NFL llegó un segundo antes de la tragedia,https://as.com/masdeporte/2018/09/27/nfl/1538081918_912029.html,Cara Operations
7,"Some restaurant locations were temporarily shut down due to the IT outage, others continued to serve customers.",2018-10-02T21:46:05Z,"{'id': None, 'name': 'Zdnet.com'}",Restaurant chain suffers Canada-wide outage after malware outbreak,https://www.zdnet.com/article/restaurant-chain-suffers-canada-wide-outage-after-malware-outbreak/,Cara Operations
8,Looking for a marijuana stocks list with key data included? Look no further.,2018-10-16T15:15:00Z,"{'id': None, 'name': 'Fool.com'}",Marijuana Stocks to Watch in October -- and Into 2019,https://www.fool.com/investing/2018/10/16/marijuana-stocks-to-watch-in-october-and-2019.aspx,Cara Operations
9,"As temperatures warm and the evenings get longer, Kiwi gardeners are writing their to-do lists.",2018-09-21T00:40:31Z,"{'id': None, 'name': 'Stuff.co.nz'}","Bees, bright colours the buzzwords in gardening",https://www.stuff.co.nz/life-style/homed/garden/107244834/Bees-bright-colours-the-buzzwords-in-gardening,Cara Operations
10,"Berita Kejahatan Siber Kian Masif, Teknik Ini Diklaim Efektif untuk Deteksi terbaru hari ini 2018-09-22 00:23:05 dari sumber yang terpercaya",2018-09-21T17:23:05Z,"{'id': None, 'name': 'Viva.co.id'}","Kejahatan Siber Kian Masif, Teknik Ini Diklaim Efektif untuk Deteksi",https://www.viva.co.id/digital/digilife/1077229-kejahatan-siber-kian-masif-teknik-ini-diklaim-efektif-untuk-deteksi,Cara Operations
11,"Chegam de noite aos centros de tratamento para não serem vistos pelas comunidades onde vivem e, por vezes, chegam tarde demais. Nenhuma doença é tão estigmatizante no Níger como a cólera. E todos os meios são poucos para tentar controlar a crise",2018-09-21T07:00:59Z,"{'id': None, 'name': 'Sapo.pt'}",A cólera da vergonha,https://expresso.sapo.pt/internacional/2018-09-21-A-colera-da-vergonha,Cara Operations
12,"The JAMA Network is a consortium of peer-reviewed print and online medical publications that includes JAMA®, JAMA Network Open, and 11 other specialty journals. JAMA does not hold itself responsible for statements made by any contributor. All articles publish…",2018-10-02T00:00:00Z,"{'id': None, 'name': 'Jamanetwork.com'}",JAMA,https://jamanetwork.com/journals/jama/fullarticle/2705193,Cara Operations
13,"Claudia Martinez knows that she may not look like the picture of health to the patients she sees. The third-year medical student has undergone multiple operations for Chiari malformation, a rare condition in which the brain presses down on the spinal cord. Sh…",2018-10-08T23:05:33Z,"{'id': None, 'name': 'Nypost.com'}",Personal health battles made these doctors better at their jobs,https://nypost.com/2018/10/08/personal-health-battles-made-these-doctors-better-at-their-jobs/,Cara Operations
14,"The JAMA Network is a consortium of peer-reviewed print and online medical publications that includes JAMA®, JAMA Network Open, and 11 other specialty journals. JAMA does not hold itself responsible for statements made by any contributor. All articles publish…",2018-09-25T00:00:00Z,"{'id': None, 'name': 'Jamanetwork.com'}",JAMA,https://jamanetwork.com/journals/jama/fullarticle/2703362,Cara Operations
15,Learn about the marijuana stocks listed on the Nasdaq.,2018-10-09T20:03:00Z,"{'id': None, 'name': 'Investopedia.com'}",Top Marijuana Stocks on the NASDAQ,https://www.investopedia.com/investing/top-marijuana-stocks-nasdaq/,Cara Operations
16,"The JAMA Network is a consortium of peer-reviewed print and online medical publications that includes JAMA®, JAMA Network Open, and 11 other specialty journals. JAMA does not hold itself responsible for statements made by any contributor. All articles publish…",2018-10-09T00:00:00Z,"{'id': None, 'name': 'Jamanetwork.com'}",JAMA,https://jamanetwork.com/journals/jama/fullarticle/2706143,Cara Operations
17,"The JAMA Network is a consortium of peer-reviewed print and online medical publications that includes JAMA®, JAMA Network Open, and 11 other specialty journals. JAMA does not hold itself responsible for statements made by any contributor. All articles publish…",2018-10-16T00:00:00Z,"{'id': None, 'name': 'Jamanetwork.com'}",JAMA,https://jamanetwork.com/journals/jama/fullarticle/2707466,Cara Operations
18,"The series puts relationships through the ultimate test of trust by asking pairs of friends, family members and couples to design tattoos for one another that won't be revealed until after they've been permanently inked.",2018-09-26T11:16:00Z,"{'id': None, 'name': 'Thefutoncritic.com'}","MTV's ""How Far Is Tattoo Far?"" Premieres Thursday, October 11th at 9PM ET/PT",http://www.thefutoncritic.com/news/2018/09/26/mtvs-how-far-is-tattoo-far-premieres-thursday-october-11th-at-9pm-et-pt-730511/20180926mtv01/,Cara Operations
19,Berita Tips Ampuh Menjual Properti di Tengah Krisis terbaru hari ini 2018-10-04 18:43:04 dari sumber yang terpercaya,2018-10-04T11:43:04Z,"{'id': None, 'name': 'Viva.co.id'}",Tips Ampuh Menjual Properti di Tengah Krisis,https://www.viva.co.id/berita/bisnis/1081385-tips-ampuh-menjual-properti-di-tengah-krisis,Cara Operations
0,"Canada's dairy concessions to the United States helped secure a hard-won trade deal, but they spurred talk on Monday of compensation, confusion and curtailed milk production, as a protectionist system faces new threats.",2018-10-01T19:40:03Z,"{'id': 'reuters', 'name': 'Reuters'}","Cash, cuts and confusion; Trade deal spurs Canadian dairy fears",https://www.reuters.com/article/us-trade-nafta-dairy/cash-cuts-and-confusion-trade-deal-spurs-canadian-dairy-fears-idUSKCN1MB3NE,Bothwell Cheese
0,And Don McGahn exits as White House counsel.,2018-10-18T10:25:53Z,"{'id': 'politico', 'name': 'Politico'}",POLITICO Playbook: 19 DAYS... PENCE preps work requirement push,https://www.politico.com/newsletters/playbook/2018/10/18/19-days-pence-preps-work-requirement-push-329575,Dan-D Foods
1,"Burgers, chicken and hot dogs dominate the fast-growing, $684-million market for plant-based meat alternatives. And now, upstart companies are imitating the taste, smell and appearance of fish thanks to new ingredients, machinery and technologies",2018-10-15T13:52:09Z,"{'id': 'the-wall-street-journal', 'name': 'The Wall Street Journal'}",Fish: The Final Frontier in Fake Meat,https://www.wsj.com/articles/fish-the-finalfrontier-in-fake-meat-1539610151,Dan-D Foods
2,Welcome to Ben Greenfield's Weekly Roundup and Cool New Discoveries! Ben Greenfield's discoveries from the latest news from the fronts The post The Weekly Roundup: Your Go-To Guide For Everything You May Have Missed This Week & More! 9/29 – 10/5 appeared firs…,2018-10-05T09:00:59Z,"{'id': None, 'name': 'Bengreenfieldfitness.com'}",The Weekly Roundup: Your Go-To Guide For Everything You May Have Missed This Week & More! 9/29 – 10/5,https://bengreenfieldfitness.com/article/weekly-roundup-articles/weekly-roundup-9-29-10-5/,Dan-D Foods
3,In a microsimulation study Dariush Mozaffarian and colleagues model 3 different potential food choice interventions for the benefits of health outcomes and costs-savings.,2018-10-02T18:05:57Z,"{'id': None, 'name': 'Plos.org'}",Cost-effectiveness of financial incentives and disincentives for improving food purchases and health through the US Supplemental Nutrition Assistance Program (SNAP): A microsimulation study,https://journals.plos.org/plosmedicine/article?id=10.1371/journal.pmed.1002661,Dan-D Foods
4,"One of the difficulties in resisting the Trump administration, the Republican Congressional majority, and Republican state legislatures (pl...",2018-09-27T17:15:00Z,"{'id': None, 'name': 'Shakesville.com'}",We Resist: Day 616,http://www.shakesville.com/2018/09/we-resist-day-616.html,Dan-D Foods
5,"Since July 26th, the date of the $2.9 billion Supervalu deal announcement, United Natural Foods shares are down 28%. United Natural Foods' leverage is set to mo",2018-10-05T03:26:42Z,"{'id': None, 'name': 'Seekingalpha.com'}",United Natural Foods: The Market Hates The Supervalu Deal; So Where Are The Activists?,https://seekingalpha.com/article/4209974-united-natural-foods-market-hates-supervalu-deal-activists,Dan-D Foods
6,Trump campaign aide requested online manipulation plans from Israeli intelligence firm; Kanye West expected to visit Trump at the White House,2018-10-09T15:16:07Z,"{'id': None, 'name': 'Timesofisrael.com'}","The Daily Kickoff: October 9, 2018",https://www.timesofisrael.com/the-daily-kickoff-october-9-2018/,Dan-D Foods
7,Here we are with Q&A #12 with Robb and Nicki for Episode 413 of The Paleo Solution Podcast! Don't forget to send in your own podcast question to use here: https://robbwolf.com/contact/submit-a-question-for-the-podcast/ Show Notes: 1. [ 1:36 ] Keto for childre…,2018-10-11T04:00:00Z,"{'id': None, 'name': 'Libsyn.com'}",Episode 413 - Q&A with Robb and Nicki #12,http://robbwolf.libsyn.com/episode-413-qa-with-robb-and-nicki-12,Dan-D Foods
8,"“Las empresas que se hacen querer, más que ofrecer bienes o servicios, buscan producir experiencias”, sostiene el inversionista ángel y director de empresas",2018-10-01T19:28:08Z,"{'id': None, 'name': 'Elcomercio.pe'}","Empresas que se hacen querer, por Jorge Medina",https://elcomercio.pe/economia/dia-1/empresas-jorge-medina-noticia-563357,Dan-D Foods
9,"Hello friends. Here is episode 6 of the Bold and Determined Podcast. In the last episode we discussed God and the meaning of life, the traits of a great man, and I promised an exorcism. What I found about exorcisms shocked me and we'll get into it. We'll also…",2018-10-11T13:00:23Z,"{'id': None, 'name': 'Boldanddetermined.com'}",Episode #6 – Bold and Determined Podcast with Victor Pride (The Exorcism of Sebastian),https://boldanddetermined.com/podcast-6/,Dan-D Foods
10,Podcast from: https://bengreenfieldfitness.com/podcast/biohacking-podcasts/truth-about-genetic-testing/ [0:06:00] Meeting Dr. Karim Dhanani [0:08:35] Introductions [0:10:16] Hearing About Biological Medicine from Dr. Karim [0:12:03] Bioregulatory The post [Tr…,2018-10-06T09:00:31Z,"{'id': None, 'name': 'Bengreenfieldfitness.com'}","[Transcript] – The Real Truth About Genetic Testing, Why 23AndMe Is Not Enough (& The Most Advanced Genetic Test You Should Get Instead For Customizing Your Exercise, Your Diet, Your Supplements & More!).",https://bengreenfieldfitness.com/transcripts/transcript-truth-about-genetic-testing/,Dan-D Foods
11,"“A happy sound—jars clinking together,” beams Doug Renfro as he dons gauzy hair and beard nets. The production lines are cranking as the 55-year-old Renfro morphs into tour-guide mode, his natural eagerness and easy humor revved up a notch, even though he has…",2018-10-08T18:00:36Z,"{'id': None, 'name': 'Dmagazine.com'}",How Renfro Foods Became One of the Country’s Top Salsa Brands,https://www.dmagazine.com/publications/d-ceo/2018/october/how-renfro-foods-became-one-of-the-countrys-top-salsa-brands/,Dan-D Foods
12,"The world's most popular fruit is facing extinction, and scientists are racing to use gene-editing to save it. To succeed, they'll need to overcome an even bigger problem: opposition to GMO crops",2018-10-11T06:00:00Z,"{'id': None, 'name': 'Wired.co.uk'}",The banana is dying. The race is on to reinvent it before it's too late,https://www.wired.co.uk/article/cavendish-banana-extinction-gene-editing,Dan-D Foods
13,"Podcast URL: https://bengreenfieldfitness.com/podcast/mind-pump-4/ [00:00:00] Too Much of a Good Thing [0:05:45] CBDs As One of My Favorite Molecules [0:11:16] Tolerance The post [Transcript] – The Official Edgy, Explicit & Epic Podcast With Me & The MindPump…",2018-09-27T09:00:25Z,"{'id': None, 'name': 'Bengreenfieldfitness.com'}","[Transcript] – The Official Edgy, Explicit & Epic Podcast With Me & The MindPump Crew: Longevity, Religion, Parenting, Biohacking, The Joe Rogan Debates, Snake Oil, Pseudoscience & Beyond.",https://bengreenfieldfitness.com/transcripts/transcript-mind-pump-4/,Dan-D Foods
14,Qatar hires Silversmith — Who lobbied on CVS’ merger with Aetna,2018-10-10T19:12:24Z,"{'id': 'politico', 'name': 'Politico'}",LEVICK adds two,https://www.politico.com/newsletters/politico-influence/2018/10/10/levick-adds-two-369074,Dan-D Foods
15,"A Washington Post investigation reveals how Bill and Hillary Clinton have methodically cultivated donors over 40 years, from Little Rock to Washington and then across the globe. Their fundraising methods have created a new blueprint for politicians and their …",2018-10-10T16:46:34Z,"{'id': 'the-washington-post', 'name': 'The Washington Post'}",INSIDE THE CLINTON DONOR NETWORK,http://www.washingtonpost.com/graphics/politics/clinton-money/,Dan-D Foods
16,USDA can do even more cuts — Harvest Box redux? — USDA top scientist awaits confirmation — Tariffs hold up Trump's wish for NAFTA 2.0 party,2018-10-19T14:00:40Z,"{'id': 'politico', 'name': 'Politico'}",Farm bill on the campaign trail,https://www.politico.com/newsletters/morning-agriculture/2018/10/19/farm-bill-on-the-campaign-trail-380089,Dan-D Foods
17,"The thyroid is one of the most misunderstood glands in the human body. Situated in the front lower part of the neck, this small, butterfly-shaped gland produces hormones which communicate with every cell in the human body.",2018-09-28T16:01:58Z,"{'id': None, 'name': 'Iherb.com'}",Natural Approaches to Thyroid Health,https://ca.iherb.com/blog/causes-and-natural-approaches-to-thyroid-health/498,Dan-D Foods
18,,2018-10-17T11:20:35Z,"{'id': 'politico', 'name': 'Politico'}",Democratic House candidates crushing GOP in fundraising,https://www.politico.com/newsletters/new-jersey-playbook/2018/10/17/democratic-house-candidates-crushing-gop-in-fudnraising-328654,Dan-D Foods
19,,2018-10-19T11:20:25Z,"{'id': 'politico', 'name': 'Politico'}",Is Trump to blame for your NFL team's lousy record? — The NYPD’s mental health delay — Emails detail the short life of de Blasio’s Progressive Agenda,https://www.politico.com/newsletters/new-york-playbook/2018/10/19/liquor-stores-push-legal-pot-the-nypds-mental-health-delayemails-detail-the-short-life-and-ignominious-death-of-de-blasios-progressive-agenda-331099,Dan-D Foods
0,"This post is part of Science of Sci-Fi, Mashable's ongoing series dissecting the science (or lack of science) in our favorite sci-fi movies, TV shows, and books. It's one of the oldest tropes in science fiction: when aliens invade Earth, we fight back. Maybe …",2018-09-21T10:00:00Z,"{'id': 'mashable', 'name': 'Mashable'}",The 10 alien species we'd most like to invade Earth right now,https://mashable.com/article/best-aliens/,Earth's Own Food Company
1,"NASA's not the only entity interested in returning to the moon. Now, private industry is working hard to uncover the next class of top space stocks.",2018-10-09T01:02:00Z,"{'id': None, 'name': 'Fool.com'}","Jeff Bezos and Airbus Just Announced a ""Moon Race""",https://www.fool.com/investing/2018/10/08/jeff-bezos-and-airbus-just-announced-a-moon-race.aspx,Earth's Own Food Company
2,Auckland is set to become ground zero of a protest against the sponsor of Team UK's 2021 America's Cup bid.,2018-10-13T16:00:00Z,"{'id': None, 'name': 'Stuff.co.nz'}",America's Cup 2021: Designer Vivienne Westwood among celebs protesting to pull Team UK sponsor Ineos,https://www.stuff.co.nz/sport/other-sports/107757952/Americas-Cup-2021-Designer-Vivienne-Westwood-among-celebs-protesting-to-pull-Team-UK-sponsor-Ineos,Earth's Own Food Company
3,"by Stranger Things To Do Staff This week is your last chance to see Can Can and Prom Queen's tribute to the enigmatic—and equally problematic—Mata Hari at Femme Fatale. Nate Watters Our music critics have already chosen the 43 best music shows this week, but …",2018-09-24T20:00:50Z,"{'id': None, 'name': 'Thestranger.com'}","The 78 Best Things To Do in Seattle This Week: Sept 24-30, 2018",https://www.thestranger.com/things-to-do/2018/09/24/32690252/the-78-best-things-to-do-in-seattle-this-week-sept-24-30-2018,Earth's Own Food Company
4,"The Stranger's arts critics recommend the best local events. by Stranger Things To Do Staff Here are our arts critics' picks for the best events in every genre—from French Cinema Now to the Fresh Hop Ale Festival, and from a conversation about the state of Am…",2018-09-24T19:30:00Z,"{'id': None, 'name': 'Thestranger.com'}",Our Arts Critics' Picks for This Week,https://www.thestranger.com/things-to-do/2018/09/24/32690252/the-79-best-things-to-do-in-seattle-this-week-sept-24-30-2018,Earth's Own Food Company
5,It's a group notable not just for what they're doing now but how they got there.,2018-09-24T04:01:00Z,"{'id': None, 'name': 'Adage.com'}",Ad Age's new 40 Under 40 took unexpected paths to success,https://adage.com/article/special-report-40-under-40/meet-ad-age-2018-40-under-40/315005/,Earth's Own Food Company
6,"Live art, optical illusions, and some seriously swish motorcycles.",2018-09-22T11:00:06Z,"{'id': None, 'name': 'Londonist.com'}",Free And Cheap Things To Do This Week In London: 24-30 September 2018,https://londonist.com/london/things-to-do/free-and-cheap-things-to-do-this-week-in-london-24-september-30-september-2018,Earth's Own Food Company
7,Auckland is set to become ground zero of a protest against the sponsor of Team UK's 2021 America's Cup bid.,2018-10-13T16:00:00Z,"{'id': None, 'name': 'Stuff.co.nz'}",Designer Vivienne Westwood among celebs protesting at America's Cup in 2021,https://www.stuff.co.nz/sport/other-sports/107757952/Designer-Vivienne-Westwood-among-celebs-protesting-at-Americas-Cup-in-2021,Earth's Own Food Company
8,A collection of activists from the United Kingdom are calling for fracking company Ineos to be pulled as the sponsor of the Team UK challenge.,2018-10-13T16:00:00Z,"{'id': None, 'name': 'Stuff.co.nz'}",Designer Vivienne Westwood among celebs protesting at America's Cup in 2021,https://www.stuff.co.nz/national/107757952/Designer-Vivienne-Westwood-among-celebs-protesting-at-Americas-Cup-in-2021,Earth's Own Food Company
9,"Fox As Trump looks into making a space force the sixth branch of the military, and private companies race to create commercial flights into space, it's clear that space is a major frontier for international competition. The creation of a space force is one of…",2018-10-14T20:08:00Z,"{'id': 'business-insider', 'name': 'Business Insider'}",The creation of a space force could lead to weaponization and war — here's what it might look like,https://www.businessinsider.com/neil-degrasse-tyson-heres-what-a-space-war-could-look-like-2018-10,Earth's Own Food Company
10,Get CTET Solved Question Paper - I of 2011. Central Teacher Eligibility Test 2011 (CTET 2011) was conducted by CBSE on 26th June.,2018-09-25T10:28:00Z,"{'id': None, 'name': 'Jagranjosh.com'}",CTET Solved Question Paper I -2011,https://www.jagranjosh.com/articles/ctet-solved-question-paper-i-2011-1310478041-1,Earth's Own Food Company
11,"A radical transformation of the food processing industry is required, starting with c-suite capitalists getting out of their comfort zones and embracing the ability to imagine the meal of the future, writes Roy Henderson.",2018-10-16T08:10:40Z,"{'id': 'news24', 'name': 'News24'}","News24.com | We don't have a food crisis, we have a food waste crisis",https://www.news24.com/Columnists/GuestColumn/we-dont-have-a-food-crisis-we-have-a-food-waste-crisis-20181016,Earth's Own Food Company
0,"Mother vs CDP. Saatchis vs BMP. Zenith vs Naked. Ranking the UK's diverse range of agencies, past and present, is clearly an impossible task - but we did it anyway. Campaign unveils the UK's 20 most influential shops. Let the debate begin...",2018-10-02T12:49:20Z,"{'id': None, 'name': 'Campaignlive.co.uk'}",The best 20 agencies of all time,https://www.campaignlive.co.uk/article/best-20-agencies-time/1494669,Jim Pattison Group
